{
    "loss": 9.643426895141602,
    "accuracy": 0.5035971403121948
}