{
    "loss": 1.5289440155029297,
    "accuracy": 0.8490822315216064
}